{"train_loss": [9.53836339935595e-09, 5.936008460185983e-09, 4.378337061699981e-09, 3.615338454142329e-09, 3.2058065587490813e-09, 2.9883078990046235e-09], "test_loss": [8.09821312850611e-09, 5.595826381077621e-09, 4.351599034601622e-09, 3.7363514866030505e-09, 3.405875862992205e-09, 3.207748942437686e-09], "learning_rate": [], "train_psnr": [29.93722235902827, 31.946468921417885, 33.265105795353016, 34.08829051890272, 34.60780444043748, 34.91301836866013], "train_ssim": [0.9851884486827445, 0.9880819009973648, 0.9899108466949869, 0.9912399174051082, 0.9921373490323412, 0.9926715398088415], "test_psnr": [31.104081575260604, 32.712461648985396, 33.79506257522938, 34.43464536445085, 34.85060643040857, 35.10552073633948], "test_ssim": [0.986562734426454, 0.9887508666792582, 0.99041166000588, 0.9914699155230855, 0.9922648654427639, 0.992665545884953]}