{"train_loss": [6.222084241689446e-08, 2.4086278163460346e-08, 1.619803264568321e-08, 1.2592166930918656e-08, 1.0296122895168692e-08, 8.68225893071592e-09, 7.479380509733012e-09, 6.5592901984639124e-09, 5.853687369343585e-09, 5.321153588677449e-09], "test_loss": [4.303668290426479e-08, 2.565134831817256e-08, 1.9289172602622206e-08, 1.5575122000202866e-08, 1.3057045182436737e-08, 1.1248860307879548e-08, 9.70705740031199e-09, 8.519963986844655e-09, 7.668700422155698e-09, 7.023956244916524e-09], "learning_rate": [], "train_psnr": [24.97329050429324, 28.791961385848673, 30.477856696920192, 31.5805083741533, 32.439447687027304, 33.17790011142163, 33.83005077280897, 34.39973043888173, 34.883264582207865, 35.30768382295649], "train_ssim": [0.9410121872069988, 0.9643118533682316, 0.972776749032609, 0.9771233733664167, 0.9799388507579235, 0.9820506306404763, 0.9837374357467003, 0.9850884866207203, 0.986116571629301, 0.9869583312501299], "test_psnr": [27.821533983403985, 30.104956540194426, 31.366788257252086, 32.303799629211426, 33.01442042264071, 33.73490940440785, 34.36840768293901, 34.9069577997381, 35.35589720986106, 35.740233334628016], "test_ssim": [0.9583355025811628, 0.970381888476285, 0.9756450653076172, 0.978826866908507, 0.9812461273236708, 0.9827492453835227, 0.9842551702802832, 0.985446496443315, 0.9863622269847176, 0.9871162230318243]}