{"train_loss": [1.161948640000001e-07, 7.025469575361793e-08, 6.563986196191705e-08, 6.37234555997106e-08, 6.211973267692855e-08, 6.198916723667238e-08, 6.075079435252887e-08, 5.969737389055722e-08, 5.998118933924142e-08, 5.890743393786366e-08], "test_loss": [8.395387611976941e-08, 7.575928515015496e-08, 7.453572056200501e-08, 7.173345171609495e-08, 7.195980815872856e-08, 7.129054539465743e-08, 6.896458688875417e-08, 6.829513731804053e-08, 6.912077632739775e-08, 6.903598957613446e-08], "learning_rate": [], "train_psnr": [25.1097096179394, 27.052825237842317, 27.336464110841142, 27.467906789576755, 27.57146271238936, 27.59601221693323, 27.68296152480105, 27.75112490958356, 27.728792393461188, 27.80935979396739], "train_ssim": [0.9474042153104822, 0.9618230550847156, 0.9635634200370058, 0.9643358829173636, 0.9648637524310578, 0.9651851413097787, 0.9654375124484935, 0.9658452272415161, 0.965925412609222, 0.9661692919883322], "test_psnr": [26.855233879976495, 27.327434096225474, 27.40077897005303, 27.58786955545115, 27.589657628258994, 27.607458646907364, 27.76116961102153, 27.80490759916084, 27.74789530731911, 27.773862129033997], "test_ssim": [0.96079061474911, 0.9636610081029493, 0.9641712737637896, 0.9650681573291158, 0.9655141303705614, 0.9648663179818974, 0.9658948529598325, 0.966064989566803, 0.9666417462881222, 0.9667542659959127]}