{"train_loss": [1.3037752412496198e-09], "test_loss": [1.5688297436453367e-09], "learning_rate": [], "train_psnr": [0.3932751719156901], "train_ssim": [0.01505573187271754], "test_psnr": [0.42752701370804397], "test_ssim": [0.015708035009878652]}