{"train_loss": [1.4532205222887266e-09, 1.335322079872488e-09, 1.200261060319008e-09, 1.0645234607882989e-09, 1.0022122770199834e-09, 9.814782278757168e-10, 1.0011934558444105e-09, 9.72602379079035e-10, 9.33318440606475e-10, 9.191119758611421e-10], "test_loss": [1.7606851351367232e-09, 1.6318166807928315e-09, 1.5078402710784117e-09, 1.4906535291722187e-09, 1.3357628945329822e-09, 1.3282539078495069e-09, 1.3032014104889337e-09, 1.2935372266324689e-09, 1.2881440177899868e-09, 1.2535350864313673e-09], "learning_rate": [], "train_psnr": [0.3855870018005371, 0.3911323159535726, 0.3983251438140869, 0.4065561580657959, 0.41068324025472003, 0.4120316174825033, 0.4108964964548747, 0.41290621693929036, 0.4155320790608724, 0.4165606784820557], "train_ssim": [0.015033277451992035, 0.015065338512261708, 0.015104259133338929, 0.015142570833365123, 0.015155890862147013, 0.015158855775992075, 0.015154416739940644, 0.015163645108540853, 0.015167952915032704, 0.015170256177584331], "test_psnr": [0.4077143266465929, 0.41380561969898366, 0.42178546057807076, 0.4261438821863245, 0.43121764147723163, 0.43258399539523656, 0.4334741323965567, 0.43420640874792027, 0.43498942622432, 0.43460150683367693], "test_ssim": [0.015677448334517303, 0.015710505379570854, 0.01575172499374107, 0.0157767383257548, 0.015777913552743418, 0.015785254725703485, 0.01579014433754815, 0.015792119723779183, 0.015791439877616036, 0.015781395391181664]}