{"train_loss": [7.401079246387491e-08, 4.682098952518108e-08, 4.04936977755379e-08, 3.845189796829509e-08, 3.7094772152313646e-08, 3.663273818567196e-08, 3.556344710918506e-08, 3.476320266164545e-08, 3.4543069114321005e-08, 3.393382252261048e-08], "test_loss": [7.165123201828423e-08, 5.399906881238663e-08, 5.089378421726823e-08, 4.922106173149194e-08, 4.856563127410916e-08, 4.7096731686286315e-08, 4.6691904241992106e-08, 4.86031931469132e-08, 4.575368883763531e-08, 4.5519239932900746e-08], "learning_rate": [], "train_psnr": [23.96290880568484, 25.8787973282185, 26.483806610107422, 26.70956907881067, 26.8798567995112, 26.929636650897088, 27.051178262588827, 27.158083246109335, 27.17913160932825, 27.256415427999293], "train_ssim": [0.9357755196855423, 0.9516011286289134, 0.9570333120670724, 0.9588192612566846, 0.9598905355372327, 0.960373136591404, 0.9610896465626169, 0.9615391087024769, 0.9617980667885314, 0.9622364247098882], "test_psnr": [25.61484570936723, 26.779735391790215, 27.06201206554066, 27.216103206981312, 27.319269093600187, 27.40920994498513, 27.46450710296631, 27.38765456459739, 27.63173007965088, 27.67017260464755], "test_ssim": [0.9477488100528717, 0.9575442644682798, 0.9598150497133081, 0.961037356745113, 0.9618519707159563, 0.9620606140656904, 0.9622094929218292, 0.9629600644111633, 0.963806463913484, 0.964095722545277]}