{"train_loss": [8.073261820764527e-08, 5.463211983984617e-08, 5.082783540627404e-08, 4.90743451927243e-08, 4.4870902492428944e-08, 4.439846708721156e-08, 4.4033346160810475e-08, 4.409604558565874e-08, 4.214984801848836e-08, 4.2409686164759515e-08], "test_loss": [7.926959452478596e-08, 5.9087991550138046e-08, 5.440936154147122e-08, 5.2649240442096096e-08, 5.249418419142868e-08, 5.0803319369534125e-08, 5.1765312359851705e-08, 4.92203222018423e-08, 5.301227190557256e-08, 4.863378968231948e-08], "learning_rate": [], "train_psnr": [25.236825050191676, 26.914241790771484, 27.229210021648, 27.374072419836168, 27.753437001654444, 27.805514477668925, 27.835704600557367, 27.82992229055851, 28.022601716061857, 28.0061483991907], "train_ssim": [0.962927907071215, 0.9684977747024374, 0.9697665648257479, 0.9702094755274184, 0.9711519898252284, 0.9713297384850522, 0.9715205976303588, 0.9715040490982381, 0.9719908985685795, 0.9719596657347171], "test_psnr": [26.264241912148215, 27.490061326460406, 27.803735299543902, 27.92942697351629, 28.024512551047586, 28.153054324063387, 28.110938505692914, 28.233680551702324, 27.92291077700528, 28.322435985911977], "test_ssim": [0.9663759930567308, 0.9695395475084131, 0.9712521054527976, 0.9715128730643879, 0.9715035964142192, 0.971884470094334, 0.9715431170030073, 0.9723339433019812, 0.9724139679561962, 0.97259044918147]}