{"train_loss": [7.004246003998076e-08, 4.062632934556724e-08, 3.763520400288473e-08, 3.56253523513468e-08, 3.622005458679423e-08, 3.658353317681023e-08, 3.550024463519781e-08, 3.43699769732279e-08, 3.587608810501943e-08, 3.3717861939860396e-08], "test_loss": [5.643715103334754e-08, 5.18939978665468e-08, 4.674398347180964e-08, 4.637736683577032e-08, 4.663262495344353e-08, 4.964546422443887e-08, 4.6870364316992603e-08, 4.7554368039341585e-08, 4.513136103218523e-08, 4.574776799805911e-08], "learning_rate": [], "train_psnr": [24.272881771655793, 26.52942117731622, 26.865768838436047, 27.097309071966944, 27.035076181939306, 26.984143115104512, 27.11113312903871, 27.254858990933034, 27.067075567042576, 27.33582123289717], "train_ssim": [0.9403352914972508, 0.9580634109517361, 0.9601517941089387, 0.9615283202617726, 0.9613155240708209, 0.9612769408428923, 0.961998037835385, 0.9625838284796857, 0.9618862017672113, 0.9632152572591254], "test_psnr": [26.50289873643355, 26.787815700877797, 27.253020373257723, 27.32417410070246, 27.382820302789863, 27.230390548706055, 27.404931675304066, 27.08777852491899, 27.318379055369984, 27.50901378284801], "test_ssim": [0.9567356651479547, 0.9585930379954252, 0.9620667235417799, 0.9625562564893202, 0.9635400636629625, 0.9634853764013811, 0.9641219702633944, 0.9597923403436487, 0.9620350274172697, 0.964399359442971]}