{"train_loss": [1.449433132923635e-09, 1.4106912710569001e-09, 1.412071225577923e-09, 1.4113696830501492e-09, 1.4101433597109766e-09, 1.4141644347394807e-09, 1.4121075793127601e-09, 1.4121252362997439e-09, 1.4116190314439337e-09, 1.4119091886755087e-09], "test_loss": [1.9769967233666346e-09, 1.9769562961166094e-09, 1.9769562961166094e-09, 1.9769562961166094e-09, 1.9769562961166094e-09, 1.9769562961166094e-09, 1.9769562961166094e-09, 1.9769562961166094e-09, 1.9769562961166094e-09, 1.9769562961166094e-09], "learning_rate": [0.001, 1.0000000000000001e-07, 1.0000000000000001e-11, 1e-15, 1.0000000000000001e-19, 1.0000000000000001e-23, 1.0000000000000002e-27, 1.0000000000000003e-31, 1.0000000000000004e-35, 1.0000000000000004e-39], "train_psnr": [0.38566179847717286, 0.3873686726888021, 0.38737342262268065, 0.3874012928009033, 0.38738617388407387, 0.387351614634196, 0.3874777666727702, 0.3873209285736084, 0.38743485323588056, 0.3873761857350667], "train_ssim": [0.015003156224886577, 0.015016486008961995, 0.015016460418701172, 0.015016439616680146, 0.015016585787137349, 0.01501613207658132, 0.015016369998455048, 0.015016377866268159, 0.015016396164894103, 0.01501638913154602], "test_psnr": [0.403339633235225, 0.4033404427987558, 0.4033404427987558, 0.4033404427987558, 0.4033404427987558, 0.4033404427987558, 0.4033404427987558, 0.4033404427987558, 0.4033404427987558, 0.4033404427987558], "test_ssim": [0.015613875698160242, 0.015613874638522113, 0.015613874638522113, 0.015613874638522113, 0.015613874638522113, 0.015613874638522113, 0.015613874638522113, 0.015613874638522113, 0.015613874638522113, 0.015613874638522113]}