{"train_loss": [8.150575968283618e-08, 5.714001141746907e-08, 5.054330680701106e-08, 4.824855522204106e-08, 4.654206098534137e-08, 4.699341632615076e-08, 4.6416932141884434e-08, 4.3101129209423776e-08, 4.300740650606674e-08, 4.279396116901159e-08], "test_loss": [9.236299951127917e-08, 7.380357416118179e-08, 7.098714795781481e-08, 7.392147161056073e-08, 6.78776705146075e-08, 7.381899923654021e-08, 6.667078703256638e-08, 6.537471864863743e-08, 6.564609849652409e-08, 6.462028649552436e-08], "learning_rate": [], "train_psnr": [25.238420202376993, 26.706757849835334, 27.239076127397254, 27.46538969810973, 27.604654271551905, 27.57044889571819, 27.619119278928068, 27.937306789641685, 27.939828953844437, 27.975850734304874], "train_ssim": [0.9614709843980506, 0.9665638994663319, 0.9686907783467719, 0.9696365391954462, 0.9700884235666153, 0.9701209410708002, 0.9703648534226925, 0.9710796196409996, 0.9712380931732503, 0.9713306794775293], "test_psnr": [26.41127872467041, 27.30815705386075, 27.58309572393244, 27.387477267872203, 27.761119495738637, 27.562047351490367, 27.872274918989703, 27.938201210715555, 27.97452163696289, 28.027323722839355], "test_ssim": [0.9645108770240437, 0.9684248187325217, 0.9697307294065302, 0.9688361016186801, 0.9700980430299585, 0.9706230759620667, 0.9709980677474629, 0.9708730795166709, 0.9714480584317987, 0.9714753898707303]}