{"train_loss": [8.869873021409304e-08, 6.169794464453167e-08, 4.630037788627576e-08, 4.3791641065155926e-08, 4.378303215960531e-08, 4.1362823218547574e-08, 4.083756137979532e-08, 4.021319485441091e-08, 4.0016774990585584e-08, 3.910560915276987e-08], "test_loss": [1.0996000554541752e-07, 7.24645153579476e-08, 6.701726947126603e-08, 6.699819365962867e-08, 6.658959848173461e-08, 6.14300171135214e-08, 6.018021265157875e-08, 6.108697693140254e-08, 5.937851632609181e-08, 6.12289335193013e-08], "learning_rate": [], "train_psnr": [23.13985678490172, 24.692805838077625, 25.90521065732266, 26.147468039330015, 26.143558989179894, 26.389306372784553, 26.452918884602, 26.51309906168187, 26.53800769562417, 26.632744363013735], "train_ssim": [0.9232320696749585, 0.938359131204321, 0.9505410359260884, 0.9529553613764175, 0.9530893044268831, 0.9547238882551802, 0.9551403306900187, 0.9557414688962571, 0.9557336302513771, 0.9566587564793039], "test_psnr": [23.734189293601297, 25.659717906605113, 26.024685166098855, 26.022386724298652, 26.03813310102983, 26.400896765969016, 26.499182441017844, 26.439769744873047, 26.56061588634144, 26.4326154535467], "test_ssim": [0.9294926226139069, 0.9476527923887427, 0.9529383995316245, 0.9498257040977478, 0.951487576419657, 0.9554682292721488, 0.9560481933030215, 0.9547700773585927, 0.9566306688568809, 0.9539398713545366]}