{"train_loss": [2.805387211424204e-09, 2.168740467804279e-09, 2.1121526690611365e-09, 2.054988380943238e-09, 1.9865254235658843e-09, 1.9218344320393045e-09, 1.8901223294657637e-09, 1.968532439870311e-09, 1.909490154143138e-09, 1.8893837013441345e-09], "test_loss": [2.876069831674815e-09, 3.726480199643616e-09, 3.0482104412604475e-09, 2.6158820347703754e-09, 2.8710264045996696e-09, 2.855945645571275e-09, 3.0703643426898417e-09, 2.8574238481521912e-09, 2.8939762402118233e-09, 2.4535484676056915e-09], "learning_rate": [], "train_psnr": [0.41644032605489095, 0.4328861738840739, 0.43495809618632, 0.4365732231140137, 0.43909919357299804, 0.4412453899383545, 0.44230535634358725, 0.4395787665049235, 0.44196627044677733, 0.44251280212402344], "train_ssim": [0.01517826279004415, 0.015226431906223296, 0.015233313858509064, 0.015238810161749522, 0.015243713955084483, 0.015250134825706483, 0.015252231319745381, 0.015250731031099956, 0.015253457208474477, 0.015257619937260946], "test_psnr": [0.45501706723813656, 0.4340844359221282, 0.44867075460928457, 0.4621303586606626, 0.45827516485143593, 0.45895552458586514, 0.4550817984121817, 0.45852503034803604, 0.45266468471950955, 0.46646311865912543], "test_ssim": [0.015849524648101243, 0.015769264079906323, 0.0158195400679553, 0.015869296745017723, 0.015876842339833577, 0.015880098033834385, 0.01588112614772938, 0.015885712658917462, 0.015827572478188407, 0.015880472969125817]}