{"train_loss": [6.021328162316731e-08, 2.3064076492634274e-08, 1.4905939121310313e-08, 1.1525260235540382e-08, 9.460678689627099e-09, 8.017051845083424e-09, 6.983975969647301e-09, 6.15905768939076e-09, 5.5156079136599815e-09, 5.009674991625505e-09], "test_loss": [3.9996127137504285e-08, 2.0950464999200138e-08, 1.542761752692069e-08, 1.2386367043148994e-08, 1.034061999663746e-08, 8.867589289125859e-09, 7.820209591002936e-09, 6.889083465305196e-09, 6.1991692991047e-09, 5.667326022615074e-09], "learning_rate": [], "train_psnr": [26.70987908383633, 30.691191368914666, 32.55123970356394, 33.66130390573055, 34.52085032361619, 35.234696083880486, 35.83297753841319, 36.378816726359915, 36.85422004537379, 37.284912109375], "train_ssim": [0.968727966572376, 0.9811636361669986, 0.9860154618608191, 0.9885832489805019, 0.990279920557712, 0.9915163669180362, 0.9924245552813753, 0.9931409714069772, 0.9937234203866188, 0.9941934271061674], "test_psnr": [29.242743145335805, 31.932151881131258, 33.299565748734906, 34.2108039855957, 35.02343385869806, 35.68624565818093, 36.21650349010121, 36.76277802207253, 37.20956733010032, 37.593367316506125], "test_ssim": [0.9769986190579154, 0.9843014072288166, 0.9875008220022375, 0.9894719286398455, 0.9908911531621759, 0.9919053180651232, 0.9926955943757837, 0.9933457997712222, 0.9938591122627258, 0.9942744807763533]}