{"train_loss": [3.6694442494914864e-09, 2.7575139493289195e-09, 2.448186246321408e-09, 2.4634391522226906e-09, 2.3695152719938053e-09, 2.3541350013071376e-09, 2.2900723593011208e-09, 2.251928520990987e-09, 2.1978952394382152e-09, 2.1634730487107843e-09], "test_loss": [3.4128452834162695e-09, 3.177770887911417e-09, 3.1309549902508242e-09, 3.1089249653683106e-09, 2.9957421919267223e-09, 3.0788766025580116e-09, 2.952799562721069e-09, 3.032248388181971e-09, 2.9363281768197607e-09, 3.1955908944517568e-09], "learning_rate": [], "train_psnr": [0.3984387798309326, 0.41692428779602053, 0.42463709449768067, 0.4243315684000651, 0.42702031580607097, 0.4275623633066813, 0.429204439163208, 0.4303599713643392, 0.4320437355041504, 0.43318588638305666], "train_ssim": [0.015119624376296997, 0.015206976930300395, 0.015217349807421366, 0.015216477076212565, 0.015220461308956146, 0.015220434963703155, 0.015224029084046681, 0.015226779063542684, 0.015230204403400421, 0.015231931428114574], "test_psnr": [0.4373508976123951, 0.44411967524775753, 0.44733290213125726, 0.44847636893943504, 0.4501009750366211, 0.44800337190981265, 0.45157327863905167, 0.45159921010335285, 0.4532742719297056, 0.4500083923339844], "test_ssim": [0.015830632227438468, 0.01584083641016925, 0.01584885005597715, 0.015850743805920636, 0.01584906547157853, 0.01582776321305169, 0.015850397613313465, 0.015858286619186403, 0.01585596623244109, 0.015857961221977517]}