{"train_loss": [6.290648002504895e-09, 5.205288999832192e-09, 6.75671216754381e-09, 5.2918873727492155e-09, 5.067584307738571e-09, 4.75131542998497e-09, 4.819930055077748e-09, 5.144279224822412e-09, 5.828676474806116e-09, 5.328514518510019e-09], "test_loss": [1.3377842833506293e-08, 1.3377757568378001e-08, 1.3377757568378001e-08, 1.3377757568378001e-08, 1.3377757568378001e-08, 1.3377757568378001e-08, 1.3377757568378001e-08, 1.3377757568378001e-08, 1.3377757568378001e-08, 1.3377757568378001e-08], "learning_rate": [0.001, 1.0000000000000001e-07, 1.0000000000000001e-11, 1e-15, 1.0000000000000001e-19, 1.0000000000000001e-23, 1.0000000000000002e-27, 1.0000000000000003e-31, 1.0000000000000004e-35, 1.0000000000000004e-39], "train_psnr": [0.6040620565414428, 0.6214274883270263, 0.607788348197937, 0.6204700946807862, 0.6230175018310546, 0.6269695997238159, 0.6260751008987426, 0.6221227645874023, 0.6151225566864014, 0.6200758218765259], "train_ssim": [0.024089572578668596, 0.024169638752937317, 0.02415321171283722, 0.024179639667272566, 0.02419380992650986, 0.024204681068658827, 0.02419164925813675, 0.024184487015008926, 0.02417205646634102, 0.024201398342847825], "test_psnr": [1.2510882377624513, 1.2510896682739259, 1.2510896682739259, 1.2510896682739259, 1.2510896682739259, 1.2510896682739259, 1.2510896682739259, 1.2510896682739259, 1.2510896682739259, 1.2510896682739259], "test_ssim": [0.04840240478515625, 0.048402413725852966, 0.048402413725852966, 0.048402413725852966, 0.048402413725852966, 0.048402413725852966, 0.048402413725852966, 0.048402413725852966, 0.048402413725852966, 0.048402413725852966]}