{"train_loss": [8.339369909520505e-08, 4.6738417731806663e-08, 4.061399107331937e-08, 3.8100853347027335e-08, 3.6926665375587736e-08, 3.5903515621542165e-08], "test_loss": [7.323346971268373e-08, 5.427319563463842e-08, 5.0708892761587195e-08, 4.8439710989808565e-08, 5.052288583455451e-08, 4.779972660109231e-08], "learning_rate": [], "train_psnr": [23.45559647742738, 25.87376817743829, 26.476741303788856, 26.757434357988075, 26.894754531535696, 27.017418272951815], "train_ssim": [0.9311810795297014, 0.9517258393003586, 0.957252823291941, 0.9592988021830295, 0.9601367115974426, 0.9609191316239377], "test_psnr": [25.475798520174894, 26.680117693814363, 27.025050510059703, 27.29910798506303, 27.229646422646262, 27.3422043540261], "test_ssim": [0.9463742510838942, 0.9571066336198286, 0.959736626256596, 0.961536320773038, 0.9619664007967169, 0.9616388001225211]}