{"train_loss": [1.2192237560289717e-09], "test_loss": [1.3761747889399582e-09], "learning_rate": [], "train_psnr": [0.3985378672281901], "train_ssim": [0.015072461624940237], "test_psnr": [0.43625662909613716], "test_ssim": [0.01573861086810077]}