{"train_loss": [1.4813746365878918e-09, 1.3513187890149917e-09, 1.3507102565313288e-09, 1.3513319601088369e-09, 1.3511754678082373e-09, 1.350841403772544e-09, 1.3504373370665236e-09, 1.350915312059442e-09, 1.350645227660152e-09, 1.351172485897223e-09], "test_loss": [1.7003781414991359e-09, 1.7003752993281927e-09, 1.7003752993281927e-09, 1.7003752993281927e-09, 1.7003752993281927e-09, 1.7003752993281927e-09, 1.7003752993281927e-09, 1.7003752993281927e-09, 1.7003752993281927e-09, 1.7003752993281927e-09], "learning_rate": [0.001, 1e-08, 1.0000000000000002e-13, 1.0000000000000003e-18, 1.0000000000000004e-23, 1.0000000000000005e-28, 1.0000000000000006e-33, 1.0000000000000006e-38, 1.0000000000000007e-43, 1.0000000000000007e-48], "train_psnr": [0.3842593866984049, 0.3903080399831136, 0.3903455359141032, 0.39028572527567545, 0.39032052739461265, 0.390361691792806, 0.3902923514048258, 0.39035455767313637, 0.39030462710062663, 0.39030445988972984], "train_ssim": [0.015023601313432057, 0.015052577177683513, 0.015052632610003154, 0.015052337249120076, 0.015052648901939391, 0.015052510857582092, 0.015052530487378438, 0.015052565515041352, 0.015052602569262186, 0.015052679518858591], "test_psnr": [0.4092726559109158, 0.4092727745903863, 0.4092727745903863, 0.4092727745903863, 0.4092727745903863, 0.4092727745903863, 0.4092727745903863, 0.4092727745903863, 0.4092727745903863, 0.4092727745903863], "test_ssim": [0.015676052746949373, 0.0156760538065875, 0.0156760538065875, 0.0156760538065875, 0.0156760538065875, 0.0156760538065875, 0.0156760538065875, 0.0156760538065875, 0.0156760538065875, 0.0156760538065875]}