{"train_loss": [5.336869990852402e-08, 2.1490166317867175e-08, 1.4850448322593057e-08, 1.1515665508636146e-08, 9.4881233555523e-09, 8.054083584460521e-09, 7.0120008428495245e-09, 6.190656734284456e-09, 5.5512184636297855e-09, 5.045321852974744e-09], "test_loss": [3.548329509005622e-08, 2.1704103887869183e-08, 1.5112636515950004e-08, 1.2420001027635408e-08, 1.0241319671099414e-08, 8.824086370686567e-09, 7.745431124755503e-09, 6.902826310550836e-09, 6.238315197748534e-09, 5.741906909535869e-09], "learning_rate": [], "train_psnr": [27.247492769931224, 30.988540608832178, 32.57131414210543, 33.669460458958405, 34.50992843952585, 35.21909640697723, 35.813201904296875, 36.359150825662816, 36.83120670724422, 37.24890712981529], "train_ssim": [0.9698094231017093, 0.9814934020346784, 0.9858557239491889, 0.9884185448605963, 0.9901437911581485, 0.9914264996001061, 0.9923823577292422, 0.9931436637614636, 0.993747666795203, 0.9942308981367882], "test_psnr": [29.81462253223766, 31.899546709927645, 33.35367636247115, 34.2147050337358, 35.047837170687586, 35.69341988997026, 36.25191515142267, 36.75452319058505, 37.185082002119586, 37.5560325275768], "test_ssim": [0.9778975383801893, 0.9839773990891196, 0.9873466735536401, 0.9892764687538147, 0.9907643740827387, 0.9918395931070502, 0.9926755076104944, 0.9933366098187186, 0.9938671345060522, 0.994285914030942]}