{"train_loss": [6.479887091206772e-08, 2.3441136993659848e-08, 1.590299857758495e-08, 1.2775217593017221e-08, 1.0641177168738669e-08, 9.108160315797268e-09, 7.978217764923799e-09, 7.102318950452303e-09, 6.435852890807295e-09, 5.847075929815349e-09], "test_loss": [4.3843310154107425e-08, 2.500448805584845e-08, 1.9943943870130584e-08, 1.6274232628177288e-08, 1.377887002475895e-08, 1.2074097600521905e-08, 1.0523215107386104e-08, 9.507826243487278e-09, 8.634888036919041e-09, 7.918749817486576e-09], "learning_rate": [], "train_psnr": [24.758439895954538, 28.913806306554918, 30.55606460571289, 31.506432512973216, 32.29869599037982, 32.97230456737762, 33.5501954910603, 34.05127147918052, 34.48291315930955, 34.89323124987014], "train_ssim": [0.9392995479259085, 0.9648000179453099, 0.9732826073118981, 0.9771894267264832, 0.9798438992906124, 0.98186997149853, 0.9833650069033846, 0.9846022928014715, 0.9855590906549008, 0.9864175370398988], "test_psnr": [27.805982676419344, 30.26375675201416, 31.365464730696246, 32.196321660822086, 32.94294548034668, 33.54363094676625, 34.09452126242898, 34.478665785356, 34.98051504655318, 35.343591169877485], "test_ssim": [0.9581883766434409, 0.971042353998531, 0.9757655506784265, 0.9788461327552795, 0.9810595539483157, 0.9826622063463385, 0.9840106449343942, 0.9850766035643491, 0.9858565357598391, 0.9866187707944349]}