{"train_loss": [1.4166069230251803e-09, 1.3363535960782732e-09, 1.3371002959653804e-09, 1.3372775763779524e-09, 1.3366285548007302e-09, 1.3361058298263137e-09, 1.3364493203956348e-09, 1.3368590335479287e-09, 1.3362475594173399e-09, 1.3363663361095254e-09], "test_loss": [1.6597459762124345e-09, 1.6597345864755443e-09, 1.6597345759489853e-09, 1.6597345759489853e-09, 1.6597345759489853e-09, 1.6597345759489853e-09, 1.6597345759489853e-09, 1.6597345759489853e-09, 1.6597345759489853e-09, 1.6597345759489853e-09], "learning_rate": [0.001, 1.0000000000000001e-07, 1.0000000000000001e-11, 1e-15, 1.0000000000000001e-19, 1.0000000000000001e-23, 1.0000000000000002e-27, 1.0000000000000003e-31, 1.0000000000000004e-35, 1.0000000000000004e-39], "train_psnr": [0.3870456447601318, 0.39096474266052245, 0.39101078097025554, 0.39092647171020506, 0.39101813062032065, 0.39101699193318684, 0.39105165672302244, 0.391074603398641, 0.3910384108225505, 0.3909411843617757], "train_ssim": [0.015039553821086883, 0.015059718449910482, 0.01505958124001821, 0.015059548616409301, 0.015059635043144226, 0.015059707522392272, 0.015059669454892476, 0.015059649368127186, 0.015059561749299366, 0.015059777478377024], "test_psnr": [0.4104176132767289, 0.4104206410160771, 0.41042064242892795, 0.41042064242892795, 0.41042064242892795, 0.41042064242892795, 0.41042064242892795, 0.41042064242892795, 0.41042064242892795, 0.41042064242892795], "test_ssim": [0.015684743104157624, 0.015684760279125638, 0.015684760411580404, 0.015684760411580404, 0.015684760411580404, 0.015684760411580404, 0.015684760411580404, 0.015684760411580404, 0.015684760411580404, 0.015684760411580404]}