{"train_loss": [1.5025212978988141e-09, 1.2731229735625979e-09, 1.062933063640988e-09, 8.940237196478998e-10, 8.310527851070522e-10, 8.550503522997132e-10, 7.772640782851189e-10, 7.557395823217424e-10, 7.295207057704071e-10, 7.451904728839054e-10], "test_loss": [1.692427889355275e-09, 1.4909172010549001e-09, 1.258516472599122e-09, 1.1706972326532262e-09, 1.1264964033191266e-09, 1.1131560318778644e-09, 1.0214076906078373e-09, 1.0165128195972606e-09, 9.952688707749582e-10, 1.2525063416054158e-09], "learning_rate": [], "train_psnr": [0.383283348719279, 0.39449339803059896, 0.40673043378194174, 0.4185064137776693, 0.42341928990681965, 0.42165455945332847, 0.4279454358418783, 0.4298370132446289, 0.4322460479736328, 0.43078900464375813], "train_ssim": [0.015016738732655844, 0.01507322096824646, 0.015123054921627044, 0.015156798919041951, 0.015170779923597971, 0.015168630361557007, 0.015183865169684093, 0.015189814607302348, 0.015193341334660848, 0.015191690325736999], "test_psnr": [0.4089416447392216, 0.4194193960119177, 0.4345128207736545, 0.44241328627974896, 0.4430792405870226, 0.44539745613380716, 0.44959874612313727, 0.4516892030504015, 0.4523680256031178, 0.44126588044343174], "test_ssim": [0.01567391037940979, 0.015722412268320718, 0.015771098931630454, 0.015791990536230583, 0.015784878112651685, 0.015810405634067676, 0.01580417655132435, 0.01581721548680906, 0.015818724897172717, 0.0158149908207081]}